Menu Jerarquia 1,Menu Jerarquia 2,Menu Jerarquia 3
Portada,Anillos,Alcazar
Portada,Anillos,Ana
Portada,Anillos,Blanca
Portada,Anillos,Magma
Portada,Collares,Flor
Portada,Collares,Medallon
Portada,Collares,Ovalo
Portada,Pendientes,Caudales
Portada,Pendientes,Nitido
Portada,Pendientes,Ovalo
Portada,Pendientes,Rosa mitsuro
Portada,Pendientes,Rosita mitsuro
Portada,Pendientes,Argollas mitsuro
Portada,Pendientes,Un fractal
Portada,Pendientes,Dos fractales
Portada,Pendientes,Tres fracteles
Portada,Pulsera,Pulsera Fractal plata
Portada,Pulsera,Pulsera Mitsuro
Portada,Como comprar
Portada,Contactame
